Nom;Artiste;;Prix;Categorie;;Image
Attachiant;Philippe Robert;8;12;Humour;7;attachiant
Best Dad;Jean-Pierre Gilot;10;14;Humour, Geek;7-13;best_dad_in_the_galaxy
No signal;Jino Stan;12;11;Old school;9;carta_de_ajuste
Cassettes;Jino Stan;12;13;Old school;9;cassettes_de_camisetas
Creep;Jean-Pierre Gilot;10;14;Musical;10;creep_-_radiohead
L'HTML aime le CSS;Denis Wilkins;13;12;Code;11;css_to_my_html
Naruto;Quentin Neni;14;16;Manga;12;design_n_441284
Reve;Quentin Neni;14;16;Manga;12;design_no_723063
Desobeir;Jean-Pierre Gilot;10;15;Geek;13;disobey
Esprit de la foret;Quentin Neni;14;15;Manga;12;forest_spirits
Chats;Alain Gillot-Petre;15;13;Animal;6;gatito_de_bolsillo
Geek Galaxy;Jean-Pierre Gilot;10;13;Geek;13;geek_system
T-Rex;Denis Wilkins;13;11;Code;11;internet
J'ai licorne;Philippe Robert;8;12;Humour;7;je_peux_pas_jai_licorne
J'ai petanque;Philippe Robert;8;12;Humour;7;jpeux_pas_jai_petanque
Sur le toit;Jino Stan;12;12;Old school;9;rooftops
Surf;Jino Stan;12;10;Old school;9;surf_why_vintage
Tatooine;Jean-Pierre Gilot;10;13;Geek;13;visite_tatooine
Wingardium;Jean-Pierre Gilot;10;14;Geek;13;wingardium_leviosa
Wolf;Alain Gillot-Petre;15;14;Animal;6;wolf_and_the_red_moon
